Re-1001,1001-CIB
Re-1003,1003_CIB
Re-1005,1005-CIB
Re-1006,1006-CIB
Re-1008,1008_CIB
Re-1010,1010-CIB
Re-1011,1011-CIB
Re-1012,1012-CIB
Re-1013,1013-CIB
Re-1015,1015-CIB
Re-1016,1016_CIB
Re-1018,1018-CIB
Re-1019,1019-CIB
Re-1020,1020-CIB
Re-1021,1021-CIB
Re-1022,1022_CIB
Re-1023,1023-CIB
Re-1024,1024-CIB
Re-1026,1026-CIB
Re-1029,1029-CIB
Re-1031,1031-CIB
Re-1032,1032-cib
Re-1033,1033-CIB
Re-1034,1034-CIB
Re-1035,1035-CIB
Re-1036,1036-CIB
Re-1037,1037-CIB
Re-1041,1041-CIB
Re-1042,1042-CIB
Re-1043,1043-CIB
Re-1044,1044-CIB
Re-1045,1045-CIB
Re-1046,1046-CIB
Re-1047,1047-CIB
Re-1048,1048-CIB
Re-1049,1049-CIB
Re-1050,1050_CIB
Re-1058,1058-CIB
Re-1061,1061-CIB
Re-1062,1062-CIB
Re-1063,1063-CIB
Re-1064,1064-CIB
Re-1065,1065_CIB
Re-1066,1066-CIB
Re-1067,1067-CIB
Re-1068,1068_CIB
Re-1069,1069_CIB
Re-1070,1070_CIB
Re-1071,1071-CIB
Re-1072,1072-CIB
Re-1073,1073-CIB
Re-1074,1074-CIB
Re-1075,1075-CIB
Re-1076,1076-CIB
Re-1077,1077- CIB
Re-1078,1078-CIB
Re-1079,1079-CIB
Re-1080,1080-CIB
Re-1081,1081-CIB
Re-1082,1082-CIB
Re-1083,1083-CIB
Re-1084,1084-CIB
Re-1085,1085-CIB
Re-1086,1086-CIB
Re-1087,1087-CIB
Re-1088,1088-CIB
re-1089,1089-CIB
1090,1090-CIB
Re-1093,1093-CIB
Re-1094,1094-CIB
1095,1095-CIB
Re-1097,1097-CIB
Re-1099,1099-CIB
Re-1100,1100-CIB
Re-1101,1101-CIB
Re-1102,1102-CIB
Re-1103,1103-CIB
Re-1104,1104-CIB
Re-1105,1105-CIB
Re-1106,1106-CIB
Re-1107,1107-CIB
Re-1108,1108-CIB
Re-1109,1109-CIB
Re-1110,1110-CIB
Re-1112,1112-CIB
Re-1113,1113-CIB
Re-1114,1114-CIB
Re-1115,1115-CIB
Re-1116,1116-CIB
Re-1117,1117-CIB
Re-1119,1119-CIB
Re-1120,1120-CIB
Re-1121,1121-CIB
Re-1122,1122-CIB
Re-1123,1123-CIB
Re-1501,1501 CIB
Re-1502,1502 CIB
Re-1503,1503 CIB
Re-1504,1504-CIB
Re-1505,1505-CIB
Re-1506,1506-CIB
Re-1507,1507-CIB
Re-1508,1508-CIB
Re-1509,1509-CIB
Re-1510,1510-CIB
Re-1511,1511-CIB
Re-1512,1512-CIB
Re-1513,1513-CIB
Re-1514,1514-CIB
Re-1515,1515-CIB
Re-1517,1517-CIB
Re-1518,1518-CIB
Re-1519,1519-CIB
Re-1520,1520-CIB
Re-1521,1521-CIB
Re-1523,1523-CIB
Re-1524,1524-CIB
Re-1525,1525-CIB
Re-1526,1526-CIB
Re-1527,1527-CIB
re-1528,1528-CIB
Re-1529,1529-CIB
Re-1530,1530-CIB
Re-1532,1532-CIB
Re-1533,1533-CIB
Re-1534,1534-CIB
Re-2005,2005-CIB
re-2007,2007-CIB
re-2008,2008-CIB
Re-2009,2009-CIB
Re-2010,2010-CIB
Re-2011,2011-CIB
Re-2012,2012-CIB
Re-2013,2013_CIB
Re-2014,2014_CIB
Re-2016,2016_CIB
Re-2017,2017-CIB
Re-2018,2018_CIB
Re-2019,2019_CIB
Re-2020,2020-CIB
Re-2021,2021-CIB
Re-2022,2022-CIB
Re-2023,2023-CIB
re-2024,2024-CIB
Re-2025,2025-CIB
re-2026,2026-CIB
Re-2027,2027-CIB
Re-2028,2028-CIB
Re-2501,2501-CIB
Re-2502,2502-CIB
Re-2503,2503-CIB
Re-2506,2506-CIB
Re-2507,2507-CIB
Re-2509,2509-CIB
re-2510,2510-CIB
Re-2511,2511-CIB
Re-3001,3001-CIB
Re-3002,3002-CIB
Re-3003,3003_CIB
Re-3005,3005-CIB
Re-3006,3006-CIB
Re-3007,3007_CIB
Re-3008,3008_CIB
Re-3009,3009-CIB
Re-3010,3010-CIB
Re-3011,3011_CIB
Re-3012,3012_CIB
Re-3013,3013_CIB
Re-3014,3014-CIB
Re-3015,3015-CIB
Re-3016,3016-CIB
Re-3017,3017_CIB
Re-3018,3018_CIB
Re-3019,3019-CIB
Re-3020,3020-CIB
Re-3021,3021-CIB
Re-3022,3022-CIB
Re-3023,3023-CIB
Re-3024,3024_CIB
Re-3025,3025-CIB
Re-3026,3026-CIB
Re-3027,3027-CIB
Re-3028,3028-CIB
Re-3501,3501-CIB
Re-3502,3502-CIB
Re-3503,3503-CIB
Re-3504,3504-CIB
Re-3506,3506-CIB
Re-4001,4001_CIB
Re-4003,4003-CIB
Re-4005,4005_CIB
Re-4008,4008-CIB
Re-4009,4009_CIB
Re-4011,4011-CIB
Re-4012,4012-CIB
Re-4013,4013_CIB
Re-4014,4014-CIB
Re-4015,4015_CIB
Re-4016,4016_CIB
Re-4017,4017-CIB
Re-4501,4501-CIB
Re-4502,4502-CIB
Re-4503,4503-CIB
Re-4504,4504-CIB
Re-4505,4505-CIB
Re-5003,5003_CIB
Re-5006,5006_CIB
Re-5007,5007-CIB
Re-5008,5008_CIB
Re-5009,5009-CIB
Re-6004,6004-CIB
Re-6005,6005-CIB
OUWH-7003,7003-CIB
OUWH-7006,7006-CIB
OUWH-7007,7007-CIB
OUWH-7008,7008-CIB
OUWH-7009,7009-CIB
OUWH-7010,7010-CIB
OUWH-7011,7011-CIB
OUWH-7012,7012-CIB
OUWH-7013,7013-CIB
OUWH-7014,7014-CIB
OUWH-7015,7015-CIB
OUWH-7016,7016-CIB
OUWH-7017,7017-CIB
OUWH-7018,7018-CIB
OUWH-7019,7019-CIB
ouwh-7020,7020-CIB
OUWH-7021,7021-CIB
OUWH-7022,7022-CIB
OUWH-7023,7023-CIB
OUWH-7024,7024-CIB
OUWH-7025,7025-CIB
OUWH-7026,7026-CIB
OUWH-7027,7027-CIB
OUWH-7028,7028-CIB
OUWH-7029,7029-CIB
OUWH-7030,7030-CIB
OUWH-7033,7033-CIB
OUWH-7034,7034-CIB
OUWH-7035,7035-CIB
OUWH-7036,7036-CIB
OUWH-7037,7037-CIB
OUWH-7038,7038-CIB
OUWH-7039,7039-CIB
OUWH-7040,7040-CIB
OUWH-7041,7041-CIB
OUWH-7042,7042-CIB
OUWH-7043,7043-CIB
OUWH-7044,7044-CIB
Re-8001,8001-CIB
Re-8003,8003_CIB
8009,8009-CIB
Re-8010,8010-CIB
Re-8012,8012-CIB
Re-8013,8013-CIB
Re-8014,8014-CIB
Re-8015,8015-CIB
Re-9002,9002-CIB
Re-9005,9005_CIB
Re-9006,9006-CIB
Re-9007,9007-CIB
Re-9010,9010-CIB
Re-9011,9011-CIB
Re-9012,9012-CIB
Re-9013,9013-CIB
Re-9014,9014-CIB
Re-9015,9015-CIB
Re-9016,9016-CIB
Re-9017,9017-CIB
Re-9018,9018-CIB
Re-9021,9021-CIB
Re-9022,9022-CIB
Re-9023,9023-CIB
Re-9024,9024-CIB
re-9025,9025-CIB
Re-9026,9026-CIB
Re-9027,9027_CIB
Re-9028,9028-CIB
Re-9029,9029-CIB
Re-9030,9030-CIB
Re-9031,9031-CIB
Re-9032,9032-CIB
Re-9033,9033-CIB
Re-9034,9034-CIB
Re-9035,9035-CIB
OUWH-9036,9036-CIB
DEEL-9038,9038-CIB
Re-9039,9039-CIB
DEEL-9044,9044-CIB
Re-9045,9045-CIB
Re-9047,9047-CIB
Re-9050,9050-CIB
Re-9051,9051-CIB
Re-2015,ElSouf CIB
Re-4010,LUX-CIB
Re-1030,MD2-CIB
Re-1027,MGS-CIB
Re-1028,MOA-CIB
Re-1002,Rox-CIB
Re-2002,SDG-CIB
Re-4004,Sohag-CIB