SET check_function_bodies = false;
INSERT INTO public.user_detail (id, first_name, middle_name, last_name, gender, marital_status, date_of_birth, updated_by, update_at_utc, created_by, created_at_utc) VALUES ('399ec581-8368-45b7-8ef4-65a8eb903035
', 'Ahmed', 'Medhat', 'Ali', 'male', 'married', '1980-08-18', '399ec581-8368-45b7-8ef4-65a8eb903035
', '2024-05-16 11:00:00+00', '399ec581-8368-45b7-8ef4-65a8eb903035
', '2024-05-16 13:30:30');
INSERT INTO public.user_detail (id, first_name, middle_name, last_name, gender, marital_status, date_of_birth, updated_by, update_at_utc, created_by, created_at_utc) VALUES ('399ec581-8368-45b7-8ef4-65a8eb903037', 'Sally', null, 'Ahmed', 'female', 'single', '2000-05-01', '399ec581-8368-45b7-8ef4-65a8eb903037', '2024-05-16 21:00:00+00', '399ec581-8368-45b7-8ef4-65a8eb903037', '2024-05-17 00:00:00');
INSERT INTO public.user_detail (id, first_name, middle_name, last_name, gender, marital_status, date_of_birth, updated_by, update_at_utc, created_by, created_at_utc) VALUES ('399ec581-8368-45b7-8ef4-65a8eb903038', 'Reda', 'Hussen', 'Mohamed', 'male', 'married', '1990-09-12', '399ec581-8368-45b7-8ef4-65a8eb903038', '2024-05-17 07:00:00+00', '399ec581-8368-45b7-8ef4-65a8eb903038', '2024-05-17 10:00:00');
INSERT INTO public.address (id, user_id, is_primary, active_since_utc, active_until_utc, line_1, line_2, line_3, city, zip, country, state, latitude, longitude, further_details, created_by, created_at_utc) VALUES ('399ec581-8368-45b7-8ef4-88a8eb903037', '399ec581-8368-45b7-8ef4-65a8eb903037', true, '2024-04-30 21:00:00+00', '2025-04-29 21:00:00+00', 'Gomhoria Street', 'Borj el nada', 'first floor', 'Asyut', '2063045', 'Asyut', 'Asyut', null, null, '{}', '399ec581-8368-45b7-8ef4-65a8eb903037', '2024-05-17 15:48:48.899294+00');
INSERT INTO public.address (id, user_id, is_primary, active_since_utc, active_until_utc, line_1, line_2, line_3, city, zip, country, state, latitude, longitude, further_details, created_by, created_at_utc) VALUES ('399ec581-8368-45b7-8ef4-89a8eb903037', '399ec581-8368-45b7-8ef4-65a8eb903037', false, '2024-04-30 21:00:00+00', '2025-04-29 21:00:00+00', 'Emtedad ramsis', '6 October bridge ', '', 'Nasr City', '4450113
', 'Cairo', 'Cairo', null, null, '{
  "land_mark": "Nady el sika"
}', '399ec581-8368-45b7-8ef4-65a8eb903037', '2024-05-17 15:48:48.899294+00');
INSERT INTO public.address (id, user_id, is_primary, active_since_utc, active_until_utc, line_1, line_2, line_3, city, zip, country, state, latitude, longitude, further_details, created_by, created_at_utc) VALUES ('399ec581-8368-45b7-8ef4-87a8eb903037', '399ec581-8368-45b7-8ef4-65a8eb903038', true, '2023-12-31 22:00:00+00', '2024-10-29 21:00:00+00', 'Ahmed Esmat St', 'Ain Shams', 'Mostafa Hafez', 'Ain Shams', '4543070', 'Cairo', 'Cairo', null, null, '{"land_mark":"any_mark"}
	', '399ec581-8368-45b7-8ef4-65a8eb903038', '2024-05-17 16:04:55.597507+00');
INSERT INTO public.consumer (id, identity_id, created_at_utc, created_by, updated_at_utc, updated_by, metadata) VALUES ('399ec581-8368-45b7-8ef4-65a8eb903361', 'Sally.A', '2024-05-07 07:23:11.16+00', '399ec581-8368-45b7-8ef4-65a8eb903036', '2024-05-17 07:23:11.160409+00', '399ec581-8368-45b7-8ef4-65a8eb903036', '{}');
INSERT INTO public.consumer (id, identity_id, created_at_utc, created_by, updated_at_utc, updated_by, metadata) VALUES ('399ec581-8368-45b7-8ef4-65a8eb903362', 'Reda.Hussen', '2024-05-10 07:23:11.166+00', '399ec581-8368-45b7-8ef4-65a8eb903037', '2024-05-17 07:23:11.166633+00', '399ec581-8368-45b7-8ef4-65a8eb903037', '{}');
INSERT INTO public.consumer (id, identity_id, created_at_utc, created_by, updated_at_utc, updated_by, metadata) VALUES ('399ec581-8368-45b7-8ef4-65a8eb903360', 'Ahmed.Ali', '2024-05-12 07:23:11.149+00', '399ec581-8368-45b7-8ef4-65a8eb903035', '2024-05-17 07:23:11.149054+00', '399ec581-8368-45b7-8ef4-65a8eb903035', '{}');
INSERT INTO public.collateral (id, consumer_id, collateral_number, active_since_utc, active_until_utc, created_at_utc, created_by, collateral_type, collateral_physical_location, collateral_digital_location, updated_at_utc, updated_by) VALUES ('400ec581-8368-45b7-8ef4-65a8eb903037', '399ec581-8368-45b7-8ef4-65a8eb903361', '29405050050545', '2024-05-19 07:50:00.598633+00', '2029-07-31 21:00:00+00', '2024-05-19 07:50:00.598633+00', '399ec581-8368-45b7-8ef4-65a8eb903037', 'NID', null, null, '2024-05-19 07:50:00.598633+00', '399ec581-8368-45b7-8ef4-65a8eb903037');
INSERT INTO public.collateral (id, consumer_id, collateral_number, active_since_utc, active_until_utc, created_at_utc, created_by, collateral_type, collateral_physical_location, collateral_digital_location, updated_at_utc, updated_by) VALUES ('401ec581-8368-45b7-8ef4-65a8eb903037', '399ec581-8368-45b7-8ef4-65a8eb903362', '29405150050547', '2024-05-19 07:51:49.136961+00', '2029-12-31 22:00:00+00', '2024-05-19 07:51:49.136961+00', '399ec581-8368-45b7-8ef4-65a8eb903362', 'passport', null, null, '2024-05-19 07:51:49.136961+00', '399ec581-8368-45b7-8ef4-65a8eb903362');
INSERT INTO public.company (id, name, created_at_utc, created_by, is_active) VALUES ('400ec581-8648-45b7-8ef4-65a8eb903037', 'Vodafone', '2024-05-19 07:54:09.042034+00', '399ec581-8368-45b7-8ef4-65a8eb903361', true);
INSERT INTO public.consumer_kyc (id, consumer_id, job_title, work_type, car_type, insurance_type, company_id, primary_income_units, additional_income_units, active_since_utc, active_until_utc, created_by, created_at_utc, city_of_birth) VALUES ('400ec581-8648-45b7-8ef4-88a8eb903037', '399ec581-8368-45b7-8ef4-65a8eb903361', 'Software developer', 'full-time', '', null, '400ec581-8648-45b7-8ef4-65a8eb903037', 2000000, 500000, '2024-05-19 08:17:27.52728+00', '2025-05-17 21:00:00+00', '400ec581-8648-45b7-8ef4-65a8eb903037', '2024-05-19 08:17:27.52728+00', null);
INSERT INTO public.consumer_state (id, consumer_id, state, active_since_utc, created_at_utc, created_by) VALUES ('399ec581-8368-45b7-8ef4-65a8eb901120', '399ec581-8368-45b7-8ef4-65a8eb903362', 'registered', '2024-05-10 07:24:11.166+00', '2024-05-10 07:23:11.166+00', '399ec581-8368-45b7-8ef4-65a8eb903362');
INSERT INTO public.consumer_state (id, consumer_id, state, active_since_utc, created_at_utc, created_by) VALUES ('399ec581-8368-45b7-8ef4-65a8eb901121', '399ec581-8368-45b7-8ef4-65a8eb903362', 'rejected', '2024-05-11 07:24:11.166+00', '2024-05-11 07:23:11.166+00', '399ec581-8368-45b7-8ef4-65a8eb903362');
INSERT INTO public.consumer_state (id, consumer_id, state, active_since_utc, created_at_utc, created_by) VALUES ('399ec581-8368-45b7-8ef4-65a8eb901130', '399ec581-8368-45b7-8ef4-65a8eb903360', 'registered', '2024-05-12 07:24:11.149+00', '2024-05-12 07:23:11.149+00', '399ec581-8368-45b7-8ef4-65a8eb903360');
INSERT INTO public.consumer_state (id, consumer_id, state, active_since_utc, created_at_utc, created_by) VALUES ('399ec581-8368-45b7-8ef4-65a8eb901131', '399ec581-8368-45b7-8ef4-65a8eb903360', 'waiting_list', '2024-05-11 07:24:11.149+00', '2024-05-11 07:23:11.149+00', '399ec581-8368-45b7-8ef4-65a8eb903360');
INSERT INTO public.consumer_state (id, consumer_id, state, active_since_utc, created_at_utc, created_by) VALUES ('399ec581-8368-45b7-8ef4-65a8eb901132', '399ec581-8368-45b7-8ef4-65a8eb903360', 'active', '2024-05-13 07:24:11.149+00', '2024-05-13 07:23:11.149+00', '399ec581-8368-45b7-8ef4-65a8eb903360');
INSERT INTO public.consumer_state (id, consumer_id, state, active_since_utc, created_at_utc, created_by) VALUES ('399ec581-8368-45b7-8ef4-65a8eb901110', '399ec581-8368-45b7-8ef4-65a8eb903361', 'registered', '2024-05-07 17:02:00+00', '2024-05-07 17:01:00+00', '399ec581-8368-45b7-8ef4-65a8eb903361');
INSERT INTO public.consumer_state (id, consumer_id, state, active_since_utc, created_at_utc, created_by) VALUES ('399ec581-8368-45b7-8ef4-65a8eb901111', '399ec581-8368-45b7-8ef4-65a8eb903361', 'waiting_approval', '2024-05-09 17:02:00+00', '2024-05-09 17:01:00+00', '399ec581-8368-45b7-8ef4-65a8eb903361');
INSERT INTO public.consumer_state (id, consumer_id, state, active_since_utc, created_at_utc, created_by) VALUES ('399ec581-8368-45b7-8ef4-65a8eb901112', '399ec581-8368-45b7-8ef4-65a8eb903361', 'active', '2024-05-12 17:02:00+00', '2024-05-12 17:01:00+00', '399ec581-8368-45b7-8ef4-65a8eb903361');
INSERT INTO public.consumer_user_mapping (consumer_id, user_id) VALUES ('399ec581-8368-45b7-8ef4-65a8eb903360', '399ec581-8368-45b7-8ef4-65a8eb903035
');
INSERT INTO public.consumer_user_mapping (consumer_id, user_id) VALUES ('399ec581-8368-45b7-8ef4-65a8eb903361', '399ec581-8368-45b7-8ef4-65a8eb903037');
INSERT INTO public.consumer_user_mapping (consumer_id, user_id) VALUES ('399ec581-8368-45b7-8ef4-65a8eb903362', '399ec581-8368-45b7-8ef4-65a8eb903038');
INSERT INTO public.credit_limit (id, consumer_id, active_since_utc, total_max_limit, monthly_max_limit, created_at_utc, created_by, scoring_file_id) VALUES ('399ec581-8888-45b7-8ef4-65a8eb903361', '399ec581-8368-45b7-8ef4-65a8eb903361', '2024-05-12 17:02:00+00', 1200000, 100000, '2024-05-12 17:02:00+00', '399ec581-8368-45b7-8ef4-65a8eb903361', '399ec581-8368-55b7-8ef4-65a8eb903361');
INSERT INTO public.credit_limit (id, consumer_id, active_since_utc, total_max_limit, monthly_max_limit, created_at_utc, created_by, scoring_file_id) VALUES ('399ec581-8889-45b7-8ef4-65a8eb903361', '399ec581-8368-45b7-8ef4-65a8eb903361', '2024-05-12 17:02:00+00', 2400000, 200000, '2024-05-12 17:02:00+00', '399ec581-8368-45b7-8ef4-65a8eb903361', '399ec581-8368-56b7-8ef4-65a8eb903361');
INSERT INTO public.phone (id, user_id, phone_type, phone_number_e164, is_primary, is_active, created_by, created_at_utc) VALUES ('399ec581-5555-45b8-8ef4-65a8eb903361', '399ec581-8368-45b7-8ef4-65a8eb903037', 'work_phone', '012122587456', false, true, '399ec581-8368-45b7-8ef4-65a8eb903361', '2024-05-19 11:03:12.107084');
INSERT INTO public.phone (id, user_id, phone_type, phone_number_e164, is_primary, is_active, created_by, created_at_utc) VALUES ('399ec581-5555-45b7-8ef4-65a8eb903361', '399ec581-8368-45b7-8ef4-65a8eb903037', 'whatsapp', '010125489994', true, true, '399ec581-8368-45b7-8ef4-65a8eb903361', '2024-05-19 11:03:12.107084');
INSERT INTO public.guarantor (id, guarantor_relation, active_since_utc, active_until_utc, guarantor_of, reason_of_deactivation) VALUES ('2ed5fbe7-fb04-4b3d-ace8-5dfb9c36575c', 'sister', '2024-05-22 14:04:58.491000 +00:00', '2026-05-22 14:05:03.101000 +00:00', '399ec581-8368-45b7-8ef4-65a8eb903361', null);
